Volunteer_ID,Name,Email,Password,Qualification,Skills,Experience,Interests,Availability,Location,Phone,Preferred_Mode,Bio
V001,Aarav Mehta,aarav.mehta@example.com,Volunteer@123,B.Tech Artificial Intelligence and Machine Learning,"Python, Machine Learning, Data Analysis, SQL, Web Development, IT Support",Academic ML projects and 1 year of technical project experience,"Artificial Intelligence, Data Science, Technology, Digital Literacy",Weekends and weekday evenings,Mumbai,9810000000,Hybrid,Aarav is interested in AI and machine learning and enjoys applying technical skills to practical projects. He is keen to contribute to technology-focused volunteer work while building real-world experience.
V002,Ananya Shah,ananya.shah@example.com,Volunteer@123,Bachelor of Design,"Graphic Design, Canva, Adobe Photoshop, Adobe Illustrator, Branding, Photography, Photo Editing",2 years of freelance design and photography experience,"Visual Design, Photography, Branding, Creative Media",Weekday evenings and weekends,Mumbai,9810000001,Offline,"Ananya has a creative background in design and photography and enjoys visual storytelling. She would like to support community initiatives through thoughtful design, photography, and engaging content."
V003,Rohan Kapoor,rohan.kapoor@example.com,Volunteer@123,MBA in Marketing and Management,"Marketing, Digital Marketing, Social Media Management, Fundraising, Project Management, Strategy, Branding",2 years of marketing and student event management experience,"Marketing, Entrepreneurship, Fundraising, Events, Social Media",Weekday evenings and weekends,Mumbai,9810000002,Online,Rohan is interested in marketing and communication and enjoys finding ways to connect people with meaningful initiatives. He is looking to contribute his outreach skills to projects with a community impact.
V004,Isha Patil,isha.patil@example.com,Volunteer@123,Bachelor of Education,"Teaching, Mentoring, Community Outreach, Event Coordination, Public Speaking, Child Engagement",1.5 years of tutoring and community volunteering,"Education, Youth Development, Community Service, Events",Weekends and weekday afternoons,Mumbai,9810000003,Hybrid,Isha is passionate about teaching and community work and enjoys helping others learn and grow. She is interested in volunteering in roles where she can support learners and participate in community-focused activities.
V005,Meera Nair,meera.nair@example.com,Volunteer@123,Bachelor of Psychology,"Psychology, Counselling Support, Active Listening, Mental Health Awareness, Patient Care, Health Awareness",1 year of psychology internship and health-awareness volunteering,"Mental Health, Healthcare, Counselling, Community Wellbeing",Weekday evenings and weekends,Mumbai,9810000004,Offline,Meera is interested in psychology and counselling and cares about creating supportive spaces for people. She would like to use her communication and people-focused skills in volunteering related to wellbeing and community support.
V006,Kunal Desai,kunal.desai@example.com,Volunteer@123,Bachelor of Commerce,"Accounting, Bookkeeping, Financial Planning, Excel, Documentation, Data Entry, Basic Legal Documentation",2 years of accounting internship and administrative work,"Finance, Administration, Documentation, Nonprofit Operations",Weekday evenings,Mumbai,9810000005,Online,Karan enjoys working with people and is interested in contributing to social-impact activities. He is motivated to learn through hands-on volunteering and support teams working on meaningful community projects.
V007,Sana Khan,sana.khan@example.com,Volunteer@123,Bachelor of Arts in English,"Content Writing, Editing, Copywriting, Environmental Awareness, Sustainability, Research, Communication",2 years of content writing and environmental campaign volunteering,"Environment, Sustainability, Writing, Research, Awareness Campaigns",Weekends and weekday evenings,Mumbai,9810000006,Hybrid,"Priya is interested in creative and community-oriented work and enjoys collaborating with others. She would like to contribute her skills to volunteer activities that combine communication, creativity, and social impact."
V008,Vikram Joshi,vikram.joshi@example.com,Volunteer@123,LLB,"Legal Research, Legal Aid, Advocacy, Social Work, Case Management, Documentation, Community Outreach",1 year of legal internship and community-service experience,"Legal Aid, Human Rights, Social Justice, Community Support",Weekends and weekday evenings,Mumbai,9810000007,Offline,Vikram is interested in technology and practical problem-solving and enjoys learning through projects. He is keen to support digital or operational volunteer work where he can contribute useful technical skills.
V009,Neha Kulkarni,neha.kulkarni@example.com,Volunteer@123,B.Sc. Computer Science,"Python, Excel, Google Sheets, Data Entry, Data Analysis, Digital Tools",1 year of data-entry and academic analytics projects,"Data, Technology, Digital Literacy, Education",Weekends and weekday evenings,Mumbai,9876500009,Online,Strong with structured data work and digital tools.
V010,Arjun Rao,arjun.rao@example.com,Volunteer@123,BCA,"Web Development, JavaScript, Website Maintenance, Programming, IT Support, Troubleshooting",2 years of web-development projects and technical support,"Web Development, Technology, Coding, Digital Support",Weekday evenings and weekends,Mumbai,9876500010,Hybrid,Enjoys solving technical problems and maintaining practical web tools.
V011,Priya Menon,priya.menon@example.com,Volunteer@123,Bachelor of Fine Arts,"Graphic Design, Canva, Adobe Photoshop, Branding, Visual Communication, Photo Editing",2 years of freelance graphic design experience,"Graphic Design, Branding, Visual Content, Creative Media",Weekday evenings and weekends,Mumbai,9876500011,Online,Creates clean visual assets for nonprofit campaigns and community projects.
V012,Aditya Joshi,aditya.joshi@example.com,Volunteer@123,Bachelor of Arts in Multimedia,"Photography, Photo Editing, Visual Storytelling, Content Creation, Communication",2 years of event photography and digital storytelling,"Photography, Storytelling, Creative Media, Events",Weekends and weekday evenings,Mumbai,9876500012,Offline,"Interested in documenting people, events, and social-impact stories."
V013,Nidhi Verma,nidhi.verma@example.com,Volunteer@123,Bachelor of Social Work,"Community Outreach, Communication, Fieldwork, Public Speaking, Event Coordination",2 years of community volunteering and outreach campaigns,"Community Service, Outreach, Social Impact, Events",Weekends and weekday afternoons,Mumbai,9876500013,Hybrid,Comfortable working directly with communities and coordinating outreach activities.
V014,Rahul Shah,rahul.shah@example.com,Volunteer@123,MBA in Operations,"Project Coordination, Planning, Documentation, Research, Operations, Event Management",3 years of project coordination and administrative experience,"Project Management, Operations, Research, Events",Weekday evenings and weekends,Mumbai,9876500014,Hybrid,Organized project volunteer with strong planning and documentation skills.
V015,Ayesha Khan,ayesha.khan@example.com,Volunteer@123,Bachelor of Commerce,"Bookkeeping, Accounting, Excel, Google Sheets, Record Keeping, Data Entry",2 years of accounting and nonprofit administration experience,"Finance, Accounting, Administration, Records",Weekday evenings,Mumbai,9876500015,Online,Detail-oriented and comfortable managing financial records and spreadsheets.
V016,Riya Deshmukh,riya.deshmukh@example.com,Volunteer@123,LLB,"Legal Research, Legal Documentation, Advocacy, Communication, Case Management",2 years of legal-aid internship and documentation work,"Legal Aid, Human Rights, Documentation, Advocacy",Weekends and weekday evenings,Mumbai,9876500016,Offline,Interested in using legal research and documentation skills for social impact.
V017,Kabir Singh,kabir.singh@example.com,Volunteer@123,Bachelor of Journalism and Mass Communication,"Content Writing, Editing, Storytelling, Proofreading, Social Media, Communication",2 years of content writing and campaign experience,"Writing, Storytelling, Social Media, Communications",Weekday evenings and weekends,Mumbai,9876500017,Online,"Writes clear, engaging content for awareness and social-impact campaigns."
V018,Simran Iyer,simran.iyer@example.com,Volunteer@123,BA in Psychology,"Active Listening, Mental Health Awareness, Counselling Support, Communication, Empathy",2 years of psychology volunteering and peer-support experience,"Mental Health, Psychology, Counselling, Wellbeing",Weekday evenings and weekends,Mumbai,9876500018,Online,Patient listener interested in mental-health awareness and community wellbeing.
V019,Dev Malhotra,dev.malhotra@example.com,Volunteer@123,Bachelor of Business Administration,"Event Planning, Event Coordination, Logistics, Communication, Volunteer Coordination",2 years of college and nonprofit event coordination,"Events, Logistics, Volunteer Management, Operations",Weekends and weekday evenings,Mumbai,9876500019,Hybrid,"Enjoys coordinating people, schedules, logistics, and community events."
V020,Tanya Bose,tanya.bose@example.com,Volunteer@123,B.Sc. Environmental Science,"Environmental Awareness, Sustainability, Fieldwork, Waste Management, Community Engagement",2 years of environmental campaign and fieldwork experience,"Environment, Sustainability, Recycling, Community Awareness",Weekends and weekday mornings,Mumbai,9876500020,Offline,Passionate about practical environmental projects and community awareness.
V021,Manav Gupta,manav.gupta@example.com,Volunteer@123,Bachelor of Education,"Teaching, Mentoring, Tutoring, Activity Planning, Child Engagement, Communication",2 years of tutoring and educational volunteering,"Education, Youth Development, Mentoring, Teaching",Weekends and weekday afternoons,Mumbai,9876500021,Hybrid,Enjoys mentoring learners and designing engaging educational activities.
V022,Farah Ali,farah.ali@example.com,Volunteer@123,Bachelor of Arts in Sociology,"Community Outreach, Communication, Fundraising, Social Media, Public Speaking, Research",2 years of community campaigns and fundraising support,"Community Development, Fundraising, Outreach, Social Media",Weekends and weekday evenings,Mumbai,9876500022,Hybrid,"Combines outreach, communication, and campaign skills to support community programs."
